image_path,class_name,original_folder,class_idx
Aom/aom_1.tiff,Acute_Otitis_Media,Aom,0
Aom/aom_10.tiff,Acute_Otitis_Media,Aom,0
Aom/aom_100.tiff,Acute_Otitis_Media,Aom,0
Aom/aom_101.tiff,Acute_Otitis_Media,Aom,0
Aom/aom_102.tiff,Acute_Otitis_Media,Aom,0
Aom/aom_103.tiff,Acute_Otitis_Media,Aom,0
Aom/aom_104.tiff,Acute_Otitis_Media,Aom,0
Aom/aom_105.tiff,Acute_Otitis_Media,Aom,0
Aom/aom_106.tiff,Acute_Otitis_Media,Aom,0
Aom/aom_107.tiff,Acute_Otitis_Media,Aom,0
Aom/aom_108.tiff,Acute_Otitis_Media,Aom,0
Aom/aom_109.tiff,Acute_Otitis_Media,Aom,0
Aom/aom_11.tiff,Acute_Otitis_Media,Aom,0
Aom/aom_110.tiff,Acute_Otitis_Media,Aom,0
Aom/aom_111.tiff,Acute_Otitis_Media,Aom,0
Aom/aom_112.tiff,Acute_Otitis_Media,Aom,0
Aom/aom_113.tiff,Acute_Otitis_Media,Aom,0
Aom/aom_114.tiff,Acute_Otitis_Media,Aom,0
Aom/aom_115.tiff,Acute_Otitis_Media,Aom,0
Aom/aom_116.tiff,Acute_Otitis_Media,Aom,0
Aom/aom_117.tiff,Acute_Otitis_Media,Aom,0
Aom/aom_118.tiff,Acute_Otitis_Media,Aom,0
Aom/aom_119.tiff,Acute_Otitis_Media,Aom,0
Aom/aom_12.tiff,Acute_Otitis_Media,Aom,0
Aom/aom_13.tiff,Acute_Otitis_Media,Aom,0
Aom/aom_14.tiff,Acute_Otitis_Media,Aom,0
Aom/aom_15.tiff,Acute_Otitis_Media,Aom,0
Aom/aom_16.tiff,Acute_Otitis_Media,Aom,0
Aom/aom_17.tiff,Acute_Otitis_Media,Aom,0
Aom/aom_18.tiff,Acute_Otitis_Media,Aom,0
Aom/aom_19.tiff,Acute_Otitis_Media,Aom,0
Aom/aom_2.tiff,Acute_Otitis_Media,Aom,0
Aom/aom_20.tiff,Acute_Otitis_Media,Aom,0
Aom/aom_21.tiff,Acute_Otitis_Media,Aom,0
Aom/aom_22.tiff,Acute_Otitis_Media,Aom,0
Aom/aom_23.tiff,Acute_Otitis_Media,Aom,0
Aom/aom_24.tiff,Acute_Otitis_Media,Aom,0
Aom/aom_25.tiff,Acute_Otitis_Media,Aom,0
Aom/aom_26.tiff,Acute_Otitis_Media,Aom,0
Aom/aom_27.tiff,Acute_Otitis_Media,Aom,0
Aom/aom_28.tiff,Acute_Otitis_Media,Aom,0
Aom/aom_29.tiff,Acute_Otitis_Media,Aom,0
Aom/aom_3.tiff,Acute_Otitis_Media,Aom,0
Aom/aom_30.tiff,Acute_Otitis_Media,Aom,0
Aom/aom_31.tiff,Acute_Otitis_Media,Aom,0
Aom/aom_32.tiff,Acute_Otitis_Media,Aom,0
Aom/aom_33.tiff,Acute_Otitis_Media,Aom,0
Aom/aom_34.tiff,Acute_Otitis_Media,Aom,0
Aom/aom_35.tiff,Acute_Otitis_Media,Aom,0
Aom/aom_36.tiff,Acute_Otitis_Media,Aom,0
Aom/aom_37.tiff,Acute_Otitis_Media,Aom,0
Aom/aom_38.tiff,Acute_Otitis_Media,Aom,0
Aom/aom_39.tiff,Acute_Otitis_Media,Aom,0
Aom/aom_4.tiff,Acute_Otitis_Media,Aom,0
Aom/aom_40.tiff,Acute_Otitis_Media,Aom,0
Aom/aom_41.tiff,Acute_Otitis_Media,Aom,0
Aom/aom_42.tiff,Acute_Otitis_Media,Aom,0
Aom/aom_43.tiff,Acute_Otitis_Media,Aom,0
Aom/aom_44.tiff,Acute_Otitis_Media,Aom,0
Aom/aom_45.tiff,Acute_Otitis_Media,Aom,0
Aom/aom_46.tiff,Acute_Otitis_Media,Aom,0
Aom/aom_47.tiff,Acute_Otitis_Media,Aom,0
Aom/aom_48.tiff,Acute_Otitis_Media,Aom,0
Aom/aom_49.tiff,Acute_Otitis_Media,Aom,0
Aom/aom_5.tiff,Acute_Otitis_Media,Aom,0
Aom/aom_50.tiff,Acute_Otitis_Media,Aom,0
Aom/aom_51.tiff,Acute_Otitis_Media,Aom,0
Aom/aom_52.tiff,Acute_Otitis_Media,Aom,0
Aom/aom_53.tiff,Acute_Otitis_Media,Aom,0
Aom/aom_54.tiff,Acute_Otitis_Media,Aom,0
Aom/aom_55.tiff,Acute_Otitis_Media,Aom,0
Aom/aom_56.tiff,Acute_Otitis_Media,Aom,0
Aom/aom_57.tiff,Acute_Otitis_Media,Aom,0
Aom/aom_58.tiff,Acute_Otitis_Media,Aom,0
Aom/aom_59.tiff,Acute_Otitis_Media,Aom,0
Aom/aom_6.tiff,Acute_Otitis_Media,Aom,0
Aom/aom_60.tiff,Acute_Otitis_Media,Aom,0
Aom/aom_61.tiff,Acute_Otitis_Media,Aom,0
Aom/aom_62.tiff,Acute_Otitis_Media,Aom,0
Aom/aom_63.tiff,Acute_Otitis_Media,Aom,0
Aom/aom_64.tiff,Acute_Otitis_Media,Aom,0
Aom/aom_65.tiff,Acute_Otitis_Media,Aom,0
Aom/aom_66.tiff,Acute_Otitis_Media,Aom,0
Aom/aom_67.tiff,Acute_Otitis_Media,Aom,0
Aom/aom_68.tiff,Acute_Otitis_Media,Aom,0
Aom/aom_69.tiff,Acute_Otitis_Media,Aom,0
Aom/aom_7.tiff,Acute_Otitis_Media,Aom,0
Aom/aom_70.tiff,Acute_Otitis_Media,Aom,0
Aom/aom_71.tiff,Acute_Otitis_Media,Aom,0
Aom/aom_72.tiff,Acute_Otitis_Media,Aom,0
Aom/aom_73.tiff,Acute_Otitis_Media,Aom,0
Aom/aom_74.tiff,Acute_Otitis_Media,Aom,0
Aom/aom_75.tiff,Acute_Otitis_Media,Aom,0
Aom/aom_76.tiff,Acute_Otitis_Media,Aom,0
Aom/aom_77.tiff,Acute_Otitis_Media,Aom,0
Aom/aom_78.tiff,Acute_Otitis_Media,Aom,0
Aom/aom_79.tiff,Acute_Otitis_Media,Aom,0
Aom/aom_8.tiff,Acute_Otitis_Media,Aom,0
Aom/aom_80.tiff,Acute_Otitis_Media,Aom,0
Aom/aom_81.tiff,Acute_Otitis_Media,Aom,0
Aom/aom_82.tiff,Acute_Otitis_Media,Aom,0
Aom/aom_83.tiff,Acute_Otitis_Media,Aom,0
Aom/aom_84.tiff,Acute_Otitis_Media,Aom,0
Aom/aom_85.tiff,Acute_Otitis_Media,Aom,0
Aom/aom_86.tiff,Acute_Otitis_Media,Aom,0
Aom/aom_87.tiff,Acute_Otitis_Media,Aom,0
Aom/aom_88.tiff,Acute_Otitis_Media,Aom,0
Aom/aom_89.tiff,Acute_Otitis_Media,Aom,0
Aom/aom_9.tiff,Acute_Otitis_Media,Aom,0
Aom/aom_90.tiff,Acute_Otitis_Media,Aom,0
Aom/aom_91.tiff,Acute_Otitis_Media,Aom,0
Aom/aom_92.tiff,Acute_Otitis_Media,Aom,0
Aom/aom_93.tiff,Acute_Otitis_Media,Aom,0
Aom/aom_94.tiff,Acute_Otitis_Media,Aom,0
Aom/aom_95.tiff,Acute_Otitis_Media,Aom,0
Aom/aom_96.tiff,Acute_Otitis_Media,Aom,0
Aom/aom_97.tiff,Acute_Otitis_Media,Aom,0
Aom/aom_98.tiff,Acute_Otitis_Media,Aom,0
Aom/aom_99.tiff,Acute_Otitis_Media,Aom,0
Chornic/chronic_1.tiff,Chronic_Suppurative_Otitis_Media,Chornic,1
Chornic/chronic_10.tiff,Chronic_Suppurative_Otitis_Media,Chornic,1
Chornic/chronic_11.tiff,Chronic_Suppurative_Otitis_Media,Chornic,1
Chornic/chronic_12.tiff,Chronic_Suppurative_Otitis_Media,Chornic,1
Chornic/chronic_13.tiff,Chronic_Suppurative_Otitis_Media,Chornic,1
Chornic/chronic_14.tiff,Chronic_Suppurative_Otitis_Media,Chornic,1
Chornic/chronic_15.tiff,Chronic_Suppurative_Otitis_Media,Chornic,1
Chornic/chronic_16.tiff,Chronic_Suppurative_Otitis_Media,Chornic,1
Chornic/chronic_17.tiff,Chronic_Suppurative_Otitis_Media,Chornic,1
Chornic/chronic_18.tiff,Chronic_Suppurative_Otitis_Media,Chornic,1
Chornic/chronic_19.tiff,Chronic_Suppurative_Otitis_Media,Chornic,1
Chornic/chronic_2.tiff,Chronic_Suppurative_Otitis_Media,Chornic,1
Chornic/chronic_20.tiff,Chronic_Suppurative_Otitis_Media,Chornic,1
Chornic/chronic_21.tiff,Chronic_Suppurative_Otitis_Media,Chornic,1
Chornic/chronic_22.tiff,Chronic_Suppurative_Otitis_Media,Chornic,1
Chornic/chronic_23.tiff,Chronic_Suppurative_Otitis_Media,Chornic,1
Chornic/chronic_24.tiff,Chronic_Suppurative_Otitis_Media,Chornic,1
Chornic/chronic_25.tiff,Chronic_Suppurative_Otitis_Media,Chornic,1
Chornic/chronic_26.tiff,Chronic_Suppurative_Otitis_Media,Chornic,1
Chornic/chronic_27.tiff,Chronic_Suppurative_Otitis_Media,Chornic,1
Chornic/chronic_28.tiff,Chronic_Suppurative_Otitis_Media,Chornic,1
Chornic/chronic_29.tiff,Chronic_Suppurative_Otitis_Media,Chornic,1
Chornic/chronic_3.tiff,Chronic_Suppurative_Otitis_Media,Chornic,1
Chornic/chronic_30.tiff,Chronic_Suppurative_Otitis_Media,Chornic,1
Chornic/chronic_31.tiff,Chronic_Suppurative_Otitis_Media,Chornic,1
Chornic/chronic_32.tiff,Chronic_Suppurative_Otitis_Media,Chornic,1
Chornic/chronic_33.tiff,Chronic_Suppurative_Otitis_Media,Chornic,1
Chornic/chronic_34.tiff,Chronic_Suppurative_Otitis_Media,Chornic,1
Chornic/chronic_35.tiff,Chronic_Suppurative_Otitis_Media,Chornic,1
Chornic/chronic_36.tiff,Chronic_Suppurative_Otitis_Media,Chornic,1
Chornic/chronic_37.tiff,Chronic_Suppurative_Otitis_Media,Chornic,1
Chornic/chronic_38.tiff,Chronic_Suppurative_Otitis_Media,Chornic,1
Chornic/chronic_39.tiff,Chronic_Suppurative_Otitis_Media,Chornic,1
Chornic/chronic_4.tiff,Chronic_Suppurative_Otitis_Media,Chornic,1
Chornic/chronic_40.tiff,Chronic_Suppurative_Otitis_Media,Chornic,1
Chornic/chronic_41.tiff,Chronic_Suppurative_Otitis_Media,Chornic,1
Chornic/chronic_42.tiff,Chronic_Suppurative_Otitis_Media,Chornic,1
Chornic/chronic_43.tiff,Chronic_Suppurative_Otitis_Media,Chornic,1
Chornic/chronic_44.tiff,Chronic_Suppurative_Otitis_Media,Chornic,1
Chornic/chronic_45.tiff,Chronic_Suppurative_Otitis_Media,Chornic,1
Chornic/chronic_46.tiff,Chronic_Suppurative_Otitis_Media,Chornic,1
Chornic/chronic_47.tiff,Chronic_Suppurative_Otitis_Media,Chornic,1
Chornic/chronic_48.tiff,Chronic_Suppurative_Otitis_Media,Chornic,1
Chornic/chronic_49.tiff,Chronic_Suppurative_Otitis_Media,Chornic,1
Chornic/chronic_5.tiff,Chronic_Suppurative_Otitis_Media,Chornic,1
Chornic/chronic_50.tiff,Chronic_Suppurative_Otitis_Media,Chornic,1
Chornic/chronic_51.tiff,Chronic_Suppurative_Otitis_Media,Chornic,1
Chornic/chronic_52.tiff,Chronic_Suppurative_Otitis_Media,Chornic,1
Chornic/chronic_53.tiff,Chronic_Suppurative_Otitis_Media,Chornic,1
Chornic/chronic_54.tiff,Chronic_Suppurative_Otitis_Media,Chornic,1
Chornic/chronic_55.tiff,Chronic_Suppurative_Otitis_Media,Chornic,1
Chornic/chronic_56.tiff,Chronic_Suppurative_Otitis_Media,Chornic,1
Chornic/chronic_57.tiff,Chronic_Suppurative_Otitis_Media,Chornic,1
Chornic/chronic_58.tiff,Chronic_Suppurative_Otitis_Media,Chornic,1
Chornic/chronic_59.tiff,Chronic_Suppurative_Otitis_Media,Chornic,1
Chornic/chronic_6.tiff,Chronic_Suppurative_Otitis_Media,Chornic,1
Chornic/chronic_60.tiff,Chronic_Suppurative_Otitis_Media,Chornic,1
Chornic/chronic_61.tiff,Chronic_Suppurative_Otitis_Media,Chornic,1
Chornic/chronic_62.tiff,Chronic_Suppurative_Otitis_Media,Chornic,1
Chornic/chronic_63.tiff,Chronic_Suppurative_Otitis_Media,Chornic,1
Chornic/chronic_7.tiff,Chronic_Suppurative_Otitis_Media,Chornic,1
Chornic/chronic_8.tiff,Chronic_Suppurative_Otitis_Media,Chornic,1
Chornic/chronic_9.tiff,Chronic_Suppurative_Otitis_Media,Chornic,1
Earventulation/chrneftup_1.tiff,Ear_Ventilation_Tube,Earventulation,2
Earventulation/chrneftup_10.tiff,Ear_Ventilation_Tube,Earventulation,2
Earventulation/chrneftup_11.tiff,Ear_Ventilation_Tube,Earventulation,2
Earventulation/chrneftup_12.tiff,Ear_Ventilation_Tube,Earventulation,2
Earventulation/chrneftup_13.tiff,Ear_Ventilation_Tube,Earventulation,2
Earventulation/chrneftup_14.tiff,Ear_Ventilation_Tube,Earventulation,2
Earventulation/chrneftup_15.tiff,Ear_Ventilation_Tube,Earventulation,2
Earventulation/chrneftup_16.tiff,Ear_Ventilation_Tube,Earventulation,2
Earventulation/chrneftup_2.tiff,Ear_Ventilation_Tube,Earventulation,2
Earventulation/chrneftup_3.tiff,Ear_Ventilation_Tube,Earventulation,2
Earventulation/chrneftup_4.tiff,Ear_Ventilation_Tube,Earventulation,2
Earventulation/chrneftup_5.tiff,Ear_Ventilation_Tube,Earventulation,2
Earventulation/chrneftup_6.tiff,Ear_Ventilation_Tube,Earventulation,2
Earventulation/chrneftup_7.tiff,Ear_Ventilation_Tube,Earventulation,2
Earventulation/chrneftup_8.tiff,Ear_Ventilation_Tube,Earventulation,2
Earventulation/chrneftup_9.tiff,Ear_Ventilation_Tube,Earventulation,2
Earwax/buson_1.tiff,Earwax_Cerumen_Impaction,Earwax,3
Earwax/buson_10.tiff,Earwax_Cerumen_Impaction,Earwax,3
Earwax/buson_100.tiff,Earwax_Cerumen_Impaction,Earwax,3
Earwax/buson_101.tiff,Earwax_Cerumen_Impaction,Earwax,3
Earwax/buson_102.tiff,Earwax_Cerumen_Impaction,Earwax,3
Earwax/buson_103.tiff,Earwax_Cerumen_Impaction,Earwax,3
Earwax/buson_104.tiff,Earwax_Cerumen_Impaction,Earwax,3
Earwax/buson_105.tiff,Earwax_Cerumen_Impaction,Earwax,3
Earwax/buson_106.tiff,Earwax_Cerumen_Impaction,Earwax,3
Earwax/buson_107.tiff,Earwax_Cerumen_Impaction,Earwax,3
Earwax/buson_108.tiff,Earwax_Cerumen_Impaction,Earwax,3
Earwax/buson_109.tiff,Earwax_Cerumen_Impaction,Earwax,3
Earwax/buson_11.tiff,Earwax_Cerumen_Impaction,Earwax,3
Earwax/buson_110.tiff,Earwax_Cerumen_Impaction,Earwax,3
Earwax/buson_111.tiff,Earwax_Cerumen_Impaction,Earwax,3
Earwax/buson_112.tiff,Earwax_Cerumen_Impaction,Earwax,3
Earwax/buson_113.tiff,Earwax_Cerumen_Impaction,Earwax,3
Earwax/buson_114.tiff,Earwax_Cerumen_Impaction,Earwax,3
Earwax/buson_115.tiff,Earwax_Cerumen_Impaction,Earwax,3
Earwax/buson_116.tiff,Earwax_Cerumen_Impaction,Earwax,3
Earwax/buson_117.tiff,Earwax_Cerumen_Impaction,Earwax,3
Earwax/buson_118.tiff,Earwax_Cerumen_Impaction,Earwax,3
Earwax/buson_119.tiff,Earwax_Cerumen_Impaction,Earwax,3
Earwax/buson_12.tiff,Earwax_Cerumen_Impaction,Earwax,3
Earwax/buson_120.tiff,Earwax_Cerumen_Impaction,Earwax,3
Earwax/buson_121.tiff,Earwax_Cerumen_Impaction,Earwax,3
Earwax/buson_122.tiff,Earwax_Cerumen_Impaction,Earwax,3
Earwax/buson_123.tiff,Earwax_Cerumen_Impaction,Earwax,3
Earwax/buson_124.tiff,Earwax_Cerumen_Impaction,Earwax,3
Earwax/buson_125.tiff,Earwax_Cerumen_Impaction,Earwax,3
Earwax/buson_126.tiff,Earwax_Cerumen_Impaction,Earwax,3
Earwax/buson_127.tiff,Earwax_Cerumen_Impaction,Earwax,3
Earwax/buson_128.tiff,Earwax_Cerumen_Impaction,Earwax,3
Earwax/buson_129.tiff,Earwax_Cerumen_Impaction,Earwax,3
Earwax/buson_13.tiff,Earwax_Cerumen_Impaction,Earwax,3
Earwax/buson_130.tiff,Earwax_Cerumen_Impaction,Earwax,3
Earwax/buson_131.tiff,Earwax_Cerumen_Impaction,Earwax,3
Earwax/buson_132.tiff,Earwax_Cerumen_Impaction,Earwax,3
Earwax/buson_133.tiff,Earwax_Cerumen_Impaction,Earwax,3
Earwax/buson_134.tiff,Earwax_Cerumen_Impaction,Earwax,3
Earwax/buson_135.tiff,Earwax_Cerumen_Impaction,Earwax,3
Earwax/buson_136.tiff,Earwax_Cerumen_Impaction,Earwax,3
Earwax/buson_137.tiff,Earwax_Cerumen_Impaction,Earwax,3
Earwax/buson_138.tiff,Earwax_Cerumen_Impaction,Earwax,3
Earwax/buson_139.tiff,Earwax_Cerumen_Impaction,Earwax,3
Earwax/buson_14.tiff,Earwax_Cerumen_Impaction,Earwax,3
Earwax/buson_140.tiff,Earwax_Cerumen_Impaction,Earwax,3
Earwax/buson_15.tiff,Earwax_Cerumen_Impaction,Earwax,3
Earwax/buson_16.tiff,Earwax_Cerumen_Impaction,Earwax,3
Earwax/buson_17.tiff,Earwax_Cerumen_Impaction,Earwax,3
Earwax/buson_18.tiff,Earwax_Cerumen_Impaction,Earwax,3
Earwax/buson_19.tiff,Earwax_Cerumen_Impaction,Earwax,3
Earwax/buson_2.tiff,Earwax_Cerumen_Impaction,Earwax,3
Earwax/buson_20.tiff,Earwax_Cerumen_Impaction,Earwax,3
Earwax/buson_21.tiff,Earwax_Cerumen_Impaction,Earwax,3
Earwax/buson_22.tiff,Earwax_Cerumen_Impaction,Earwax,3
Earwax/buson_23.tiff,Earwax_Cerumen_Impaction,Earwax,3
Earwax/buson_24.tiff,Earwax_Cerumen_Impaction,Earwax,3
Earwax/buson_25.tiff,Earwax_Cerumen_Impaction,Earwax,3
Earwax/buson_26.tiff,Earwax_Cerumen_Impaction,Earwax,3
Earwax/buson_27.tiff,Earwax_Cerumen_Impaction,Earwax,3
Earwax/buson_28.tiff,Earwax_Cerumen_Impaction,Earwax,3
Earwax/buson_29.tiff,Earwax_Cerumen_Impaction,Earwax,3
Earwax/buson_3.tiff,Earwax_Cerumen_Impaction,Earwax,3
Earwax/buson_30.tiff,Earwax_Cerumen_Impaction,Earwax,3
Earwax/buson_31.tiff,Earwax_Cerumen_Impaction,Earwax,3
Earwax/buson_32.tiff,Earwax_Cerumen_Impaction,Earwax,3
Earwax/buson_33.tiff,Earwax_Cerumen_Impaction,Earwax,3
Earwax/buson_34.tiff,Earwax_Cerumen_Impaction,Earwax,3
Earwax/buson_35.tiff,Earwax_Cerumen_Impaction,Earwax,3
Earwax/buson_36.tiff,Earwax_Cerumen_Impaction,Earwax,3
Earwax/buson_37.tiff,Earwax_Cerumen_Impaction,Earwax,3
Earwax/buson_38.tiff,Earwax_Cerumen_Impaction,Earwax,3
Earwax/buson_39.tiff,Earwax_Cerumen_Impaction,Earwax,3
Earwax/buson_4.tiff,Earwax_Cerumen_Impaction,Earwax,3
Earwax/buson_40.tiff,Earwax_Cerumen_Impaction,Earwax,3
Earwax/buson_41.tiff,Earwax_Cerumen_Impaction,Earwax,3
Earwax/buson_42.tiff,Earwax_Cerumen_Impaction,Earwax,3
Earwax/buson_43.tiff,Earwax_Cerumen_Impaction,Earwax,3
Earwax/buson_44.tiff,Earwax_Cerumen_Impaction,Earwax,3
Earwax/buson_45.tiff,Earwax_Cerumen_Impaction,Earwax,3
Earwax/buson_46.tiff,Earwax_Cerumen_Impaction,Earwax,3
Earwax/buson_47.tiff,Earwax_Cerumen_Impaction,Earwax,3
Earwax/buson_48.tiff,Earwax_Cerumen_Impaction,Earwax,3
Earwax/buson_49.tiff,Earwax_Cerumen_Impaction,Earwax,3
Earwax/buson_5.tiff,Earwax_Cerumen_Impaction,Earwax,3
Earwax/buson_50.tiff,Earwax_Cerumen_Impaction,Earwax,3
Earwax/buson_51.tiff,Earwax_Cerumen_Impaction,Earwax,3
Earwax/buson_52.tiff,Earwax_Cerumen_Impaction,Earwax,3
Earwax/buson_53.tiff,Earwax_Cerumen_Impaction,Earwax,3
Earwax/buson_54.tiff,Earwax_Cerumen_Impaction,Earwax,3
Earwax/buson_55.tiff,Earwax_Cerumen_Impaction,Earwax,3
Earwax/buson_56.tiff,Earwax_Cerumen_Impaction,Earwax,3
Earwax/buson_57.tiff,Earwax_Cerumen_Impaction,Earwax,3
Earwax/buson_58.tiff,Earwax_Cerumen_Impaction,Earwax,3
Earwax/buson_59.tiff,Earwax_Cerumen_Impaction,Earwax,3
Earwax/buson_6.tiff,Earwax_Cerumen_Impaction,Earwax,3
Earwax/buson_60.tiff,Earwax_Cerumen_Impaction,Earwax,3
Earwax/buson_61.tiff,Earwax_Cerumen_Impaction,Earwax,3
Earwax/buson_62.tiff,Earwax_Cerumen_Impaction,Earwax,3
Earwax/buson_63.tiff,Earwax_Cerumen_Impaction,Earwax,3
Earwax/buson_64.tiff,Earwax_Cerumen_Impaction,Earwax,3
Earwax/buson_65.tiff,Earwax_Cerumen_Impaction,Earwax,3
Earwax/buson_66.tiff,Earwax_Cerumen_Impaction,Earwax,3
Earwax/buson_67.tiff,Earwax_Cerumen_Impaction,Earwax,3
Earwax/buson_68.tiff,Earwax_Cerumen_Impaction,Earwax,3
Earwax/buson_69.tiff,Earwax_Cerumen_Impaction,Earwax,3
Earwax/buson_7.tiff,Earwax_Cerumen_Impaction,Earwax,3
Earwax/buson_70.tiff,Earwax_Cerumen_Impaction,Earwax,3
Earwax/buson_71.tiff,Earwax_Cerumen_Impaction,Earwax,3
Earwax/buson_72.tiff,Earwax_Cerumen_Impaction,Earwax,3
Earwax/buson_73.tiff,Earwax_Cerumen_Impaction,Earwax,3
Earwax/buson_74.tiff,Earwax_Cerumen_Impaction,Earwax,3
Earwax/buson_75.tiff,Earwax_Cerumen_Impaction,Earwax,3
Earwax/buson_76.tiff,Earwax_Cerumen_Impaction,Earwax,3
Earwax/buson_77.tiff,Earwax_Cerumen_Impaction,Earwax,3
Earwax/buson_78.tiff,Earwax_Cerumen_Impaction,Earwax,3
Earwax/buson_79.tiff,Earwax_Cerumen_Impaction,Earwax,3
Earwax/buson_8.tiff,Earwax_Cerumen_Impaction,Earwax,3
Earwax/buson_80.tiff,Earwax_Cerumen_Impaction,Earwax,3
Earwax/buson_81.tiff,Earwax_Cerumen_Impaction,Earwax,3
Earwax/buson_82.tiff,Earwax_Cerumen_Impaction,Earwax,3
Earwax/buson_83.tiff,Earwax_Cerumen_Impaction,Earwax,3
Earwax/buson_84.tiff,Earwax_Cerumen_Impaction,Earwax,3
Earwax/buson_85.tiff,Earwax_Cerumen_Impaction,Earwax,3
Earwax/buson_86.tiff,Earwax_Cerumen_Impaction,Earwax,3
Earwax/buson_87.tiff,Earwax_Cerumen_Impaction,Earwax,3
Earwax/buson_88.tiff,Earwax_Cerumen_Impaction,Earwax,3
Earwax/buson_89.tiff,Earwax_Cerumen_Impaction,Earwax,3
Earwax/buson_9.tiff,Earwax_Cerumen_Impaction,Earwax,3
Earwax/buson_90.tiff,Earwax_Cerumen_Impaction,Earwax,3
Earwax/buson_91.tiff,Earwax_Cerumen_Impaction,Earwax,3
Earwax/buson_92.tiff,Earwax_Cerumen_Impaction,Earwax,3
Earwax/buson_93.tiff,Earwax_Cerumen_Impaction,Earwax,3
Earwax/buson_94.tiff,Earwax_Cerumen_Impaction,Earwax,3
Earwax/buson_95.tiff,Earwax_Cerumen_Impaction,Earwax,3
Earwax/buson_96.tiff,Earwax_Cerumen_Impaction,Earwax,3
Earwax/buson_97.tiff,Earwax_Cerumen_Impaction,Earwax,3
Earwax/buson_98.tiff,Earwax_Cerumen_Impaction,Earwax,3
Earwax/buson_99.tiff,Earwax_Cerumen_Impaction,Earwax,3
Foreign/yabancisim_1.tiff,Foreign_Bodies,Foreign,4
Foreign/yabancisim_2.tiff,Foreign_Bodies,Foreign,4
Foreign/yabancisim_3.tiff,Foreign_Bodies,Foreign,4
Normal/normal_1.tiff,Normal_Tympanic_Membrane,Normal,5
Normal/normal_10.tiff,Normal_Tympanic_Membrane,Normal,5
Normal/normal_100.tiff,Normal_Tympanic_Membrane,Normal,5
Normal/normal_101.tiff,Normal_Tympanic_Membrane,Normal,5
Normal/normal_102.tiff,Normal_Tympanic_Membrane,Normal,5
Normal/normal_103.tiff,Normal_Tympanic_Membrane,Normal,5
Normal/normal_104.tiff,Normal_Tympanic_Membrane,Normal,5
Normal/normal_105.tiff,Normal_Tympanic_Membrane,Normal,5
Normal/normal_106.tiff,Normal_Tympanic_Membrane,Normal,5
Normal/normal_107.tiff,Normal_Tympanic_Membrane,Normal,5
Normal/normal_108.tiff,Normal_Tympanic_Membrane,Normal,5
Normal/normal_109.tiff,Normal_Tympanic_Membrane,Normal,5
Normal/normal_11.tiff,Normal_Tympanic_Membrane,Normal,5
Normal/normal_110.tiff,Normal_Tympanic_Membrane,Normal,5
Normal/normal_111.tiff,Normal_Tympanic_Membrane,Normal,5
Normal/normal_112.tiff,Normal_Tympanic_Membrane,Normal,5
Normal/normal_113.tiff,Normal_Tympanic_Membrane,Normal,5
Normal/normal_114.tiff,Normal_Tympanic_Membrane,Normal,5
Normal/normal_115.tiff,Normal_Tympanic_Membrane,Normal,5
Normal/normal_116.tiff,Normal_Tympanic_Membrane,Normal,5
Normal/normal_117.tiff,Normal_Tympanic_Membrane,Normal,5
Normal/normal_118.tiff,Normal_Tympanic_Membrane,Normal,5
Normal/normal_119.tiff,Normal_Tympanic_Membrane,Normal,5
Normal/normal_12.tiff,Normal_Tympanic_Membrane,Normal,5
Normal/normal_120.tiff,Normal_Tympanic_Membrane,Normal,5
Normal/normal_121.tiff,Normal_Tympanic_Membrane,Normal,5
Normal/normal_122.tiff,Normal_Tympanic_Membrane,Normal,5
Normal/normal_123.tiff,Normal_Tympanic_Membrane,Normal,5
Normal/normal_124.tiff,Normal_Tympanic_Membrane,Normal,5
Normal/normal_125.tiff,Normal_Tympanic_Membrane,Normal,5
Normal/normal_126.tiff,Normal_Tympanic_Membrane,Normal,5
Normal/normal_127.tiff,Normal_Tympanic_Membrane,Normal,5
Normal/normal_128.tiff,Normal_Tympanic_Membrane,Normal,5
Normal/normal_129.tiff,Normal_Tympanic_Membrane,Normal,5
Normal/normal_13.tiff,Normal_Tympanic_Membrane,Normal,5
Normal/normal_130.tiff,Normal_Tympanic_Membrane,Normal,5
Normal/normal_131.tiff,Normal_Tympanic_Membrane,Normal,5
Normal/normal_132.tiff,Normal_Tympanic_Membrane,Normal,5
Normal/normal_133.tiff,Normal_Tympanic_Membrane,Normal,5
Normal/normal_134.tiff,Normal_Tympanic_Membrane,Normal,5
Normal/normal_135.tiff,Normal_Tympanic_Membrane,Normal,5
Normal/normal_136.tiff,Normal_Tympanic_Membrane,Normal,5
Normal/normal_137.tiff,Normal_Tympanic_Membrane,Normal,5
Normal/normal_138.tiff,Normal_Tympanic_Membrane,Normal,5
Normal/normal_139.tiff,Normal_Tympanic_Membrane,Normal,5
Normal/normal_14.tiff,Normal_Tympanic_Membrane,Normal,5
Normal/normal_140.tiff,Normal_Tympanic_Membrane,Normal,5
Normal/normal_141.tiff,Normal_Tympanic_Membrane,Normal,5
Normal/normal_142.tiff,Normal_Tympanic_Membrane,Normal,5
Normal/normal_143.tiff,Normal_Tympanic_Membrane,Normal,5
Normal/normal_144.tiff,Normal_Tympanic_Membrane,Normal,5
Normal/normal_145.tiff,Normal_Tympanic_Membrane,Normal,5
Normal/normal_146.tiff,Normal_Tympanic_Membrane,Normal,5
Normal/normal_147.tiff,Normal_Tympanic_Membrane,Normal,5
Normal/normal_148.tiff,Normal_Tympanic_Membrane,Normal,5
Normal/normal_149.tiff,Normal_Tympanic_Membrane,Normal,5
Normal/normal_15.tiff,Normal_Tympanic_Membrane,Normal,5
Normal/normal_150.tiff,Normal_Tympanic_Membrane,Normal,5
Normal/normal_151.tiff,Normal_Tympanic_Membrane,Normal,5
Normal/normal_152.tiff,Normal_Tympanic_Membrane,Normal,5
Normal/normal_153.tiff,Normal_Tympanic_Membrane,Normal,5
Normal/normal_154.tiff,Normal_Tympanic_Membrane,Normal,5
Normal/normal_155.tiff,Normal_Tympanic_Membrane,Normal,5
Normal/normal_156.tiff,Normal_Tympanic_Membrane,Normal,5
Normal/normal_157.tiff,Normal_Tympanic_Membrane,Normal,5
Normal/normal_158.tiff,Normal_Tympanic_Membrane,Normal,5
Normal/normal_159.tiff,Normal_Tympanic_Membrane,Normal,5
Normal/normal_16.tiff,Normal_Tympanic_Membrane,Normal,5
Normal/normal_160.tiff,Normal_Tympanic_Membrane,Normal,5
Normal/normal_161.tiff,Normal_Tympanic_Membrane,Normal,5
Normal/normal_162.tiff,Normal_Tympanic_Membrane,Normal,5
Normal/normal_163.tiff,Normal_Tympanic_Membrane,Normal,5
Normal/normal_164.tiff,Normal_Tympanic_Membrane,Normal,5
Normal/normal_165.tiff,Normal_Tympanic_Membrane,Normal,5
Normal/normal_166.tiff,Normal_Tympanic_Membrane,Normal,5
Normal/normal_167.tiff,Normal_Tympanic_Membrane,Normal,5
Normal/normal_168.tiff,Normal_Tympanic_Membrane,Normal,5
Normal/normal_169.tiff,Normal_Tympanic_Membrane,Normal,5
Normal/normal_17.tiff,Normal_Tympanic_Membrane,Normal,5
Normal/normal_170.tiff,Normal_Tympanic_Membrane,Normal,5
Normal/normal_171.tiff,Normal_Tympanic_Membrane,Normal,5
Normal/normal_172.tiff,Normal_Tympanic_Membrane,Normal,5
Normal/normal_173.tiff,Normal_Tympanic_Membrane,Normal,5
Normal/normal_174.tiff,Normal_Tympanic_Membrane,Normal,5
Normal/normal_175.tiff,Normal_Tympanic_Membrane,Normal,5
Normal/normal_176.tiff,Normal_Tympanic_Membrane,Normal,5
Normal/normal_177.tiff,Normal_Tympanic_Membrane,Normal,5
Normal/normal_178.tiff,Normal_Tympanic_Membrane,Normal,5
Normal/normal_179.tiff,Normal_Tympanic_Membrane,Normal,5
Normal/normal_18.tiff,Normal_Tympanic_Membrane,Normal,5
Normal/normal_180.tiff,Normal_Tympanic_Membrane,Normal,5
Normal/normal_181.tiff,Normal_Tympanic_Membrane,Normal,5
Normal/normal_182.tiff,Normal_Tympanic_Membrane,Normal,5
Normal/normal_183.tiff,Normal_Tympanic_Membrane,Normal,5
Normal/normal_184.tiff,Normal_Tympanic_Membrane,Normal,5
Normal/normal_185.tiff,Normal_Tympanic_Membrane,Normal,5
Normal/normal_186.tiff,Normal_Tympanic_Membrane,Normal,5
Normal/normal_187.tiff,Normal_Tympanic_Membrane,Normal,5
Normal/normal_188.tiff,Normal_Tympanic_Membrane,Normal,5
Normal/normal_189.tiff,Normal_Tympanic_Membrane,Normal,5
Normal/normal_19.tiff,Normal_Tympanic_Membrane,Normal,5
Normal/normal_190.tiff,Normal_Tympanic_Membrane,Normal,5
Normal/normal_191.tiff,Normal_Tympanic_Membrane,Normal,5
Normal/normal_192.tiff,Normal_Tympanic_Membrane,Normal,5
Normal/normal_193.tiff,Normal_Tympanic_Membrane,Normal,5
Normal/normal_194.tiff,Normal_Tympanic_Membrane,Normal,5
Normal/normal_195.tiff,Normal_Tympanic_Membrane,Normal,5
Normal/normal_196.tiff,Normal_Tympanic_Membrane,Normal,5
Normal/normal_197.tiff,Normal_Tympanic_Membrane,Normal,5
Normal/normal_198.tiff,Normal_Tympanic_Membrane,Normal,5
Normal/normal_199.tiff,Normal_Tympanic_Membrane,Normal,5
Normal/normal_2.tiff,Normal_Tympanic_Membrane,Normal,5
Normal/normal_20.tiff,Normal_Tympanic_Membrane,Normal,5
Normal/normal_200.tiff,Normal_Tympanic_Membrane,Normal,5
Normal/normal_201.tiff,Normal_Tympanic_Membrane,Normal,5
Normal/normal_202.tiff,Normal_Tympanic_Membrane,Normal,5
Normal/normal_203.tiff,Normal_Tympanic_Membrane,Normal,5
Normal/normal_204.tiff,Normal_Tympanic_Membrane,Normal,5
Normal/normal_205.tiff,Normal_Tympanic_Membrane,Normal,5
Normal/normal_206.tiff,Normal_Tympanic_Membrane,Normal,5
Normal/normal_207.tiff,Normal_Tympanic_Membrane,Normal,5
Normal/normal_208.tiff,Normal_Tympanic_Membrane,Normal,5
Normal/normal_209.tiff,Normal_Tympanic_Membrane,Normal,5
Normal/normal_21.tiff,Normal_Tympanic_Membrane,Normal,5
Normal/normal_210.tiff,Normal_Tympanic_Membrane,Normal,5
Normal/normal_211.tiff,Normal_Tympanic_Membrane,Normal,5
Normal/normal_212.tiff,Normal_Tympanic_Membrane,Normal,5
Normal/normal_213.tiff,Normal_Tympanic_Membrane,Normal,5
Normal/normal_214.tiff,Normal_Tympanic_Membrane,Normal,5
Normal/normal_215.tiff,Normal_Tympanic_Membrane,Normal,5
Normal/normal_216.tiff,Normal_Tympanic_Membrane,Normal,5
Normal/normal_217.tiff,Normal_Tympanic_Membrane,Normal,5
Normal/normal_218.tiff,Normal_Tympanic_Membrane,Normal,5
Normal/normal_219.tiff,Normal_Tympanic_Membrane,Normal,5
Normal/normal_22.tiff,Normal_Tympanic_Membrane,Normal,5
Normal/normal_220.tiff,Normal_Tympanic_Membrane,Normal,5
Normal/normal_221.tiff,Normal_Tympanic_Membrane,Normal,5
Normal/normal_222.tiff,Normal_Tympanic_Membrane,Normal,5
Normal/normal_223.tiff,Normal_Tympanic_Membrane,Normal,5
Normal/normal_224.tiff,Normal_Tympanic_Membrane,Normal,5
Normal/normal_225.tiff,Normal_Tympanic_Membrane,Normal,5
Normal/normal_226.tiff,Normal_Tympanic_Membrane,Normal,5
Normal/normal_227.tiff,Normal_Tympanic_Membrane,Normal,5
Normal/normal_228.tiff,Normal_Tympanic_Membrane,Normal,5
Normal/normal_229.tiff,Normal_Tympanic_Membrane,Normal,5
Normal/normal_23.tiff,Normal_Tympanic_Membrane,Normal,5
Normal/normal_230.tiff,Normal_Tympanic_Membrane,Normal,5
Normal/normal_231.tiff,Normal_Tympanic_Membrane,Normal,5
Normal/normal_232.tiff,Normal_Tympanic_Membrane,Normal,5
Normal/normal_233.tiff,Normal_Tympanic_Membrane,Normal,5
Normal/normal_234.tiff,Normal_Tympanic_Membrane,Normal,5
Normal/normal_235.tiff,Normal_Tympanic_Membrane,Normal,5
Normal/normal_236.tiff,Normal_Tympanic_Membrane,Normal,5
Normal/normal_237.tiff,Normal_Tympanic_Membrane,Normal,5
Normal/normal_238.tiff,Normal_Tympanic_Membrane,Normal,5
Normal/normal_239.tiff,Normal_Tympanic_Membrane,Normal,5
Normal/normal_24.tiff,Normal_Tympanic_Membrane,Normal,5
Normal/normal_240.tiff,Normal_Tympanic_Membrane,Normal,5
Normal/normal_241.tiff,Normal_Tympanic_Membrane,Normal,5
Normal/normal_242.tiff,Normal_Tympanic_Membrane,Normal,5
Normal/normal_243.tiff,Normal_Tympanic_Membrane,Normal,5
Normal/normal_244.tiff,Normal_Tympanic_Membrane,Normal,5
Normal/normal_245.tiff,Normal_Tympanic_Membrane,Normal,5
Normal/normal_246.tiff,Normal_Tympanic_Membrane,Normal,5
Normal/normal_247.tiff,Normal_Tympanic_Membrane,Normal,5
Normal/normal_248.tiff,Normal_Tympanic_Membrane,Normal,5
Normal/normal_249.tiff,Normal_Tympanic_Membrane,Normal,5
Normal/normal_25.tiff,Normal_Tympanic_Membrane,Normal,5
Normal/normal_250.tiff,Normal_Tympanic_Membrane,Normal,5
Normal/normal_251.tiff,Normal_Tympanic_Membrane,Normal,5
Normal/normal_252.tiff,Normal_Tympanic_Membrane,Normal,5
Normal/normal_253.tiff,Normal_Tympanic_Membrane,Normal,5
Normal/normal_254.tiff,Normal_Tympanic_Membrane,Normal,5
Normal/normal_255.tiff,Normal_Tympanic_Membrane,Normal,5
Normal/normal_256.tiff,Normal_Tympanic_Membrane,Normal,5
Normal/normal_257.tiff,Normal_Tympanic_Membrane,Normal,5
Normal/normal_258.tiff,Normal_Tympanic_Membrane,Normal,5
Normal/normal_259.tiff,Normal_Tympanic_Membrane,Normal,5
Normal/normal_26.tiff,Normal_Tympanic_Membrane,Normal,5
Normal/normal_260.tiff,Normal_Tympanic_Membrane,Normal,5
Normal/normal_261.tiff,Normal_Tympanic_Membrane,Normal,5
Normal/normal_262.tiff,Normal_Tympanic_Membrane,Normal,5
Normal/normal_263.tiff,Normal_Tympanic_Membrane,Normal,5
Normal/normal_264.tiff,Normal_Tympanic_Membrane,Normal,5
Normal/normal_265.tiff,Normal_Tympanic_Membrane,Normal,5
Normal/normal_266.tiff,Normal_Tympanic_Membrane,Normal,5
Normal/normal_267.tiff,Normal_Tympanic_Membrane,Normal,5
Normal/normal_268.tiff,Normal_Tympanic_Membrane,Normal,5
Normal/normal_269.tiff,Normal_Tympanic_Membrane,Normal,5
Normal/normal_27.tiff,Normal_Tympanic_Membrane,Normal,5
Normal/normal_270.tiff,Normal_Tympanic_Membrane,Normal,5
Normal/normal_271.tiff,Normal_Tympanic_Membrane,Normal,5
Normal/normal_272.tiff,Normal_Tympanic_Membrane,Normal,5
Normal/normal_273.tiff,Normal_Tympanic_Membrane,Normal,5
Normal/normal_274.tiff,Normal_Tympanic_Membrane,Normal,5
Normal/normal_275.tiff,Normal_Tympanic_Membrane,Normal,5
Normal/normal_276.tiff,Normal_Tympanic_Membrane,Normal,5
Normal/normal_277.tiff,Normal_Tympanic_Membrane,Normal,5
Normal/normal_278.tiff,Normal_Tympanic_Membrane,Normal,5
Normal/normal_279.tiff,Normal_Tympanic_Membrane,Normal,5
Normal/normal_28.tiff,Normal_Tympanic_Membrane,Normal,5
Normal/normal_280.tiff,Normal_Tympanic_Membrane,Normal,5
Normal/normal_281.tiff,Normal_Tympanic_Membrane,Normal,5
Normal/normal_282.tiff,Normal_Tympanic_Membrane,Normal,5
Normal/normal_283.tiff,Normal_Tympanic_Membrane,Normal,5
Normal/normal_284.tiff,Normal_Tympanic_Membrane,Normal,5
Normal/normal_285.tiff,Normal_Tympanic_Membrane,Normal,5
Normal/normal_286.tiff,Normal_Tympanic_Membrane,Normal,5
Normal/normal_287.tiff,Normal_Tympanic_Membrane,Normal,5
Normal/normal_288.tiff,Normal_Tympanic_Membrane,Normal,5
Normal/normal_289.tiff,Normal_Tympanic_Membrane,Normal,5
Normal/normal_29.tiff,Normal_Tympanic_Membrane,Normal,5
Normal/normal_290.tiff,Normal_Tympanic_Membrane,Normal,5
Normal/normal_291.tiff,Normal_Tympanic_Membrane,Normal,5
Normal/normal_292.tiff,Normal_Tympanic_Membrane,Normal,5
Normal/normal_293.tiff,Normal_Tympanic_Membrane,Normal,5
Normal/normal_294.tiff,Normal_Tympanic_Membrane,Normal,5
Normal/normal_295.tiff,Normal_Tympanic_Membrane,Normal,5
Normal/normal_296.tiff,Normal_Tympanic_Membrane,Normal,5
Normal/normal_297.tiff,Normal_Tympanic_Membrane,Normal,5
Normal/normal_298.tiff,Normal_Tympanic_Membrane,Normal,5
Normal/normal_299.tiff,Normal_Tympanic_Membrane,Normal,5
Normal/normal_3.tiff,Normal_Tympanic_Membrane,Normal,5
Normal/normal_30.tiff,Normal_Tympanic_Membrane,Normal,5
Normal/normal_300.tiff,Normal_Tympanic_Membrane,Normal,5
Normal/normal_301.tiff,Normal_Tympanic_Membrane,Normal,5
Normal/normal_302.tiff,Normal_Tympanic_Membrane,Normal,5
Normal/normal_303.tiff,Normal_Tympanic_Membrane,Normal,5
Normal/normal_304.tiff,Normal_Tympanic_Membrane,Normal,5
Normal/normal_305.tiff,Normal_Tympanic_Membrane,Normal,5
Normal/normal_306.tiff,Normal_Tympanic_Membrane,Normal,5
Normal/normal_307.tiff,Normal_Tympanic_Membrane,Normal,5
Normal/normal_308.tiff,Normal_Tympanic_Membrane,Normal,5
Normal/normal_309.tiff,Normal_Tympanic_Membrane,Normal,5
Normal/normal_31.tiff,Normal_Tympanic_Membrane,Normal,5
Normal/normal_310.tiff,Normal_Tympanic_Membrane,Normal,5
Normal/normal_311.tiff,Normal_Tympanic_Membrane,Normal,5
Normal/normal_312.tiff,Normal_Tympanic_Membrane,Normal,5
Normal/normal_313.tiff,Normal_Tympanic_Membrane,Normal,5
Normal/normal_314.tiff,Normal_Tympanic_Membrane,Normal,5
Normal/normal_315.tiff,Normal_Tympanic_Membrane,Normal,5
Normal/normal_316.tiff,Normal_Tympanic_Membrane,Normal,5
Normal/normal_317.tiff,Normal_Tympanic_Membrane,Normal,5
Normal/normal_318.tiff,Normal_Tympanic_Membrane,Normal,5
Normal/normal_319.tiff,Normal_Tympanic_Membrane,Normal,5
Normal/normal_32.tiff,Normal_Tympanic_Membrane,Normal,5
Normal/normal_320.tiff,Normal_Tympanic_Membrane,Normal,5
Normal/normal_321.tiff,Normal_Tympanic_Membrane,Normal,5
Normal/normal_322.tiff,Normal_Tympanic_Membrane,Normal,5
Normal/normal_323.tiff,Normal_Tympanic_Membrane,Normal,5
Normal/normal_324.tiff,Normal_Tympanic_Membrane,Normal,5
Normal/normal_325.tiff,Normal_Tympanic_Membrane,Normal,5
Normal/normal_326.tiff,Normal_Tympanic_Membrane,Normal,5
Normal/normal_327.tiff,Normal_Tympanic_Membrane,Normal,5
Normal/normal_328.tiff,Normal_Tympanic_Membrane,Normal,5
Normal/normal_329.tiff,Normal_Tympanic_Membrane,Normal,5
Normal/normal_33.tiff,Normal_Tympanic_Membrane,Normal,5
Normal/normal_330.tiff,Normal_Tympanic_Membrane,Normal,5
Normal/normal_331.tiff,Normal_Tympanic_Membrane,Normal,5
Normal/normal_332.tiff,Normal_Tympanic_Membrane,Normal,5
Normal/normal_333.tiff,Normal_Tympanic_Membrane,Normal,5
Normal/normal_334.tiff,Normal_Tympanic_Membrane,Normal,5
Normal/normal_335.tiff,Normal_Tympanic_Membrane,Normal,5
Normal/normal_336.tiff,Normal_Tympanic_Membrane,Normal,5
Normal/normal_337.tiff,Normal_Tympanic_Membrane,Normal,5
Normal/normal_338.tiff,Normal_Tympanic_Membrane,Normal,5
Normal/normal_339.tiff,Normal_Tympanic_Membrane,Normal,5
Normal/normal_34.tiff,Normal_Tympanic_Membrane,Normal,5
Normal/normal_340.tiff,Normal_Tympanic_Membrane,Normal,5
Normal/normal_341.tiff,Normal_Tympanic_Membrane,Normal,5
Normal/normal_342.tiff,Normal_Tympanic_Membrane,Normal,5
Normal/normal_343.tiff,Normal_Tympanic_Membrane,Normal,5
Normal/normal_344.tiff,Normal_Tympanic_Membrane,Normal,5
Normal/normal_345.tiff,Normal_Tympanic_Membrane,Normal,5
Normal/normal_346.tiff,Normal_Tympanic_Membrane,Normal,5
Normal/normal_347.tiff,Normal_Tympanic_Membrane,Normal,5
Normal/normal_348.tiff,Normal_Tympanic_Membrane,Normal,5
Normal/normal_349.tiff,Normal_Tympanic_Membrane,Normal,5
Normal/normal_35.tiff,Normal_Tympanic_Membrane,Normal,5
Normal/normal_350.tiff,Normal_Tympanic_Membrane,Normal,5
Normal/normal_351.tiff,Normal_Tympanic_Membrane,Normal,5
Normal/normal_352.tiff,Normal_Tympanic_Membrane,Normal,5
Normal/normal_353.tiff,Normal_Tympanic_Membrane,Normal,5
Normal/normal_354.tiff,Normal_Tympanic_Membrane,Normal,5
Normal/normal_355.tiff,Normal_Tympanic_Membrane,Normal,5
Normal/normal_356.tiff,Normal_Tympanic_Membrane,Normal,5
Normal/normal_357.tiff,Normal_Tympanic_Membrane,Normal,5
Normal/normal_358.tiff,Normal_Tympanic_Membrane,Normal,5
Normal/normal_359.tiff,Normal_Tympanic_Membrane,Normal,5
Normal/normal_36.tiff,Normal_Tympanic_Membrane,Normal,5
Normal/normal_360.tiff,Normal_Tympanic_Membrane,Normal,5
Normal/normal_361.tiff,Normal_Tympanic_Membrane,Normal,5
Normal/normal_362.tiff,Normal_Tympanic_Membrane,Normal,5
Normal/normal_363.tiff,Normal_Tympanic_Membrane,Normal,5
Normal/normal_364.tiff,Normal_Tympanic_Membrane,Normal,5
Normal/normal_365.tiff,Normal_Tympanic_Membrane,Normal,5
Normal/normal_366.tiff,Normal_Tympanic_Membrane,Normal,5
Normal/normal_367.tiff,Normal_Tympanic_Membrane,Normal,5
Normal/normal_368.tiff,Normal_Tympanic_Membrane,Normal,5
Normal/normal_369.tiff,Normal_Tympanic_Membrane,Normal,5
Normal/normal_37.tiff,Normal_Tympanic_Membrane,Normal,5
Normal/normal_370.tiff,Normal_Tympanic_Membrane,Normal,5
Normal/normal_371.tiff,Normal_Tympanic_Membrane,Normal,5
Normal/normal_372.tiff,Normal_Tympanic_Membrane,Normal,5
Normal/normal_373.tiff,Normal_Tympanic_Membrane,Normal,5
Normal/normal_374.tiff,Normal_Tympanic_Membrane,Normal,5
Normal/normal_375.tiff,Normal_Tympanic_Membrane,Normal,5
Normal/normal_376.tiff,Normal_Tympanic_Membrane,Normal,5
Normal/normal_377.tiff,Normal_Tympanic_Membrane,Normal,5
Normal/normal_378.tiff,Normal_Tympanic_Membrane,Normal,5
Normal/normal_379.tiff,Normal_Tympanic_Membrane,Normal,5
Normal/normal_38.tiff,Normal_Tympanic_Membrane,Normal,5
Normal/normal_380.tiff,Normal_Tympanic_Membrane,Normal,5
Normal/normal_381.tiff,Normal_Tympanic_Membrane,Normal,5
Normal/normal_382.tiff,Normal_Tympanic_Membrane,Normal,5
Normal/normal_383.tiff,Normal_Tympanic_Membrane,Normal,5
Normal/normal_384.tiff,Normal_Tympanic_Membrane,Normal,5
Normal/normal_385.tiff,Normal_Tympanic_Membrane,Normal,5
Normal/normal_386.tiff,Normal_Tympanic_Membrane,Normal,5
Normal/normal_387.tiff,Normal_Tympanic_Membrane,Normal,5
Normal/normal_388.tiff,Normal_Tympanic_Membrane,Normal,5
Normal/normal_389.tiff,Normal_Tympanic_Membrane,Normal,5
Normal/normal_39.tiff,Normal_Tympanic_Membrane,Normal,5
Normal/normal_390.tiff,Normal_Tympanic_Membrane,Normal,5
Normal/normal_391.tiff,Normal_Tympanic_Membrane,Normal,5
Normal/normal_392.tiff,Normal_Tympanic_Membrane,Normal,5
Normal/normal_393.tiff,Normal_Tympanic_Membrane,Normal,5
Normal/normal_394.tiff,Normal_Tympanic_Membrane,Normal,5
Normal/normal_395.tiff,Normal_Tympanic_Membrane,Normal,5
Normal/normal_396.tiff,Normal_Tympanic_Membrane,Normal,5
Normal/normal_397.tiff,Normal_Tympanic_Membrane,Normal,5
Normal/normal_398.tiff,Normal_Tympanic_Membrane,Normal,5
Normal/normal_399.tiff,Normal_Tympanic_Membrane,Normal,5
Normal/normal_4.tiff,Normal_Tympanic_Membrane,Normal,5
Normal/normal_40.tiff,Normal_Tympanic_Membrane,Normal,5
Normal/normal_400.tiff,Normal_Tympanic_Membrane,Normal,5
Normal/normal_401.tiff,Normal_Tympanic_Membrane,Normal,5
Normal/normal_402.tiff,Normal_Tympanic_Membrane,Normal,5
Normal/normal_403.tiff,Normal_Tympanic_Membrane,Normal,5
Normal/normal_404.tiff,Normal_Tympanic_Membrane,Normal,5
Normal/normal_405.tiff,Normal_Tympanic_Membrane,Normal,5
Normal/normal_406.tiff,Normal_Tympanic_Membrane,Normal,5
Normal/normal_407.tiff,Normal_Tympanic_Membrane,Normal,5
Normal/normal_408.tiff,Normal_Tympanic_Membrane,Normal,5
Normal/normal_409.tiff,Normal_Tympanic_Membrane,Normal,5
Normal/normal_41.tiff,Normal_Tympanic_Membrane,Normal,5
Normal/normal_410.tiff,Normal_Tympanic_Membrane,Normal,5
Normal/normal_411.tiff,Normal_Tympanic_Membrane,Normal,5
Normal/normal_412.tiff,Normal_Tympanic_Membrane,Normal,5
Normal/normal_413.tiff,Normal_Tympanic_Membrane,Normal,5
Normal/normal_414.tiff,Normal_Tympanic_Membrane,Normal,5
Normal/normal_415.tiff,Normal_Tympanic_Membrane,Normal,5
Normal/normal_416.tiff,Normal_Tympanic_Membrane,Normal,5
Normal/normal_417.tiff,Normal_Tympanic_Membrane,Normal,5
Normal/normal_418.tiff,Normal_Tympanic_Membrane,Normal,5
Normal/normal_419.tiff,Normal_Tympanic_Membrane,Normal,5
Normal/normal_42.tiff,Normal_Tympanic_Membrane,Normal,5
Normal/normal_420.tiff,Normal_Tympanic_Membrane,Normal,5
Normal/normal_421.tiff,Normal_Tympanic_Membrane,Normal,5
Normal/normal_422.tiff,Normal_Tympanic_Membrane,Normal,5
Normal/normal_423.tiff,Normal_Tympanic_Membrane,Normal,5
Normal/normal_424.tiff,Normal_Tympanic_Membrane,Normal,5
Normal/normal_425.tiff,Normal_Tympanic_Membrane,Normal,5
Normal/normal_426.tiff,Normal_Tympanic_Membrane,Normal,5
Normal/normal_427.tiff,Normal_Tympanic_Membrane,Normal,5
Normal/normal_428.tiff,Normal_Tympanic_Membrane,Normal,5
Normal/normal_429.tiff,Normal_Tympanic_Membrane,Normal,5
Normal/normal_43.tiff,Normal_Tympanic_Membrane,Normal,5
Normal/normal_430.tiff,Normal_Tympanic_Membrane,Normal,5
Normal/normal_431.tiff,Normal_Tympanic_Membrane,Normal,5
Normal/normal_432.tiff,Normal_Tympanic_Membrane,Normal,5
Normal/normal_433.tiff,Normal_Tympanic_Membrane,Normal,5
Normal/normal_434.tiff,Normal_Tympanic_Membrane,Normal,5
Normal/normal_435.tiff,Normal_Tympanic_Membrane,Normal,5
Normal/normal_436.tiff,Normal_Tympanic_Membrane,Normal,5
Normal/normal_437.tiff,Normal_Tympanic_Membrane,Normal,5
Normal/normal_438.tiff,Normal_Tympanic_Membrane,Normal,5
Normal/normal_439.tiff,Normal_Tympanic_Membrane,Normal,5
Normal/normal_44.tiff,Normal_Tympanic_Membrane,Normal,5
Normal/normal_440.tiff,Normal_Tympanic_Membrane,Normal,5
Normal/normal_441.tiff,Normal_Tympanic_Membrane,Normal,5
Normal/normal_442.tiff,Normal_Tympanic_Membrane,Normal,5
Normal/normal_443.tiff,Normal_Tympanic_Membrane,Normal,5
Normal/normal_444.tiff,Normal_Tympanic_Membrane,Normal,5
Normal/normal_445.tiff,Normal_Tympanic_Membrane,Normal,5
Normal/normal_446.tiff,Normal_Tympanic_Membrane,Normal,5
Normal/normal_447.tiff,Normal_Tympanic_Membrane,Normal,5
Normal/normal_448.tiff,Normal_Tympanic_Membrane,Normal,5
Normal/normal_449.tiff,Normal_Tympanic_Membrane,Normal,5
Normal/normal_45.tiff,Normal_Tympanic_Membrane,Normal,5
Normal/normal_450.tiff,Normal_Tympanic_Membrane,Normal,5
Normal/normal_451.tiff,Normal_Tympanic_Membrane,Normal,5
Normal/normal_452.tiff,Normal_Tympanic_Membrane,Normal,5
Normal/normal_453.tiff,Normal_Tympanic_Membrane,Normal,5
Normal/normal_454.tiff,Normal_Tympanic_Membrane,Normal,5
Normal/normal_455.tiff,Normal_Tympanic_Membrane,Normal,5
Normal/normal_456.tiff,Normal_Tympanic_Membrane,Normal,5
Normal/normal_457.tiff,Normal_Tympanic_Membrane,Normal,5
Normal/normal_458.tiff,Normal_Tympanic_Membrane,Normal,5
Normal/normal_459.tiff,Normal_Tympanic_Membrane,Normal,5
Normal/normal_46.tiff,Normal_Tympanic_Membrane,Normal,5
Normal/normal_460.tiff,Normal_Tympanic_Membrane,Normal,5
Normal/normal_461.tiff,Normal_Tympanic_Membrane,Normal,5
Normal/normal_462.tiff,Normal_Tympanic_Membrane,Normal,5
Normal/normal_463.tiff,Normal_Tympanic_Membrane,Normal,5
Normal/normal_464.tiff,Normal_Tympanic_Membrane,Normal,5
Normal/normal_465.tiff,Normal_Tympanic_Membrane,Normal,5
Normal/normal_466.tiff,Normal_Tympanic_Membrane,Normal,5
Normal/normal_467.tiff,Normal_Tympanic_Membrane,Normal,5
Normal/normal_468.tiff,Normal_Tympanic_Membrane,Normal,5
Normal/normal_469.tiff,Normal_Tympanic_Membrane,Normal,5
Normal/normal_47.tiff,Normal_Tympanic_Membrane,Normal,5
Normal/normal_470.tiff,Normal_Tympanic_Membrane,Normal,5
Normal/normal_471.tiff,Normal_Tympanic_Membrane,Normal,5
Normal/normal_472.tiff,Normal_Tympanic_Membrane,Normal,5
Normal/normal_474.tiff,Normal_Tympanic_Membrane,Normal,5
Normal/normal_475.tiff,Normal_Tympanic_Membrane,Normal,5
Normal/normal_476.tiff,Normal_Tympanic_Membrane,Normal,5
Normal/normal_477.tiff,Normal_Tympanic_Membrane,Normal,5
Normal/normal_478.tiff,Normal_Tympanic_Membrane,Normal,5
Normal/normal_479.tiff,Normal_Tympanic_Membrane,Normal,5
Normal/normal_48.tiff,Normal_Tympanic_Membrane,Normal,5
Normal/normal_480.tiff,Normal_Tympanic_Membrane,Normal,5
Normal/normal_481.tiff,Normal_Tympanic_Membrane,Normal,5
Normal/normal_482.tiff,Normal_Tympanic_Membrane,Normal,5
Normal/normal_483.tiff,Normal_Tympanic_Membrane,Normal,5
Normal/normal_484.tiff,Normal_Tympanic_Membrane,Normal,5
Normal/normal_485.tiff,Normal_Tympanic_Membrane,Normal,5
Normal/normal_486.tiff,Normal_Tympanic_Membrane,Normal,5
Normal/normal_487.tiff,Normal_Tympanic_Membrane,Normal,5
Normal/normal_488.tiff,Normal_Tympanic_Membrane,Normal,5
Normal/normal_489.tiff,Normal_Tympanic_Membrane,Normal,5
Normal/normal_49.tiff,Normal_Tympanic_Membrane,Normal,5
Normal/normal_490.tiff,Normal_Tympanic_Membrane,Normal,5
Normal/normal_491.tiff,Normal_Tympanic_Membrane,Normal,5
Normal/normal_492.tiff,Normal_Tympanic_Membrane,Normal,5
Normal/normal_493.tiff,Normal_Tympanic_Membrane,Normal,5
Normal/normal_494.tiff,Normal_Tympanic_Membrane,Normal,5
Normal/normal_495.tiff,Normal_Tympanic_Membrane,Normal,5
Normal/normal_496.tiff,Normal_Tympanic_Membrane,Normal,5
Normal/normal_497.tiff,Normal_Tympanic_Membrane,Normal,5
Normal/normal_498.tiff,Normal_Tympanic_Membrane,Normal,5
Normal/normal_499.tiff,Normal_Tympanic_Membrane,Normal,5
Normal/normal_5.tiff,Normal_Tympanic_Membrane,Normal,5
Normal/normal_50.tiff,Normal_Tympanic_Membrane,Normal,5
Normal/normal_500.tiff,Normal_Tympanic_Membrane,Normal,5
Normal/normal_501.tiff,Normal_Tympanic_Membrane,Normal,5
Normal/normal_502.tiff,Normal_Tympanic_Membrane,Normal,5
Normal/normal_503.tiff,Normal_Tympanic_Membrane,Normal,5
Normal/normal_504.tiff,Normal_Tympanic_Membrane,Normal,5
Normal/normal_505.tiff,Normal_Tympanic_Membrane,Normal,5
Normal/normal_506.tiff,Normal_Tympanic_Membrane,Normal,5
Normal/normal_507.tiff,Normal_Tympanic_Membrane,Normal,5
Normal/normal_508.tiff,Normal_Tympanic_Membrane,Normal,5
Normal/normal_509.tiff,Normal_Tympanic_Membrane,Normal,5
Normal/normal_51.tiff,Normal_Tympanic_Membrane,Normal,5
Normal/normal_510.tiff,Normal_Tympanic_Membrane,Normal,5
Normal/normal_511.tiff,Normal_Tympanic_Membrane,Normal,5
Normal/normal_512.tiff,Normal_Tympanic_Membrane,Normal,5
Normal/normal_513.tiff,Normal_Tympanic_Membrane,Normal,5
Normal/normal_514.tiff,Normal_Tympanic_Membrane,Normal,5
Normal/normal_515.tiff,Normal_Tympanic_Membrane,Normal,5
Normal/normal_516.tiff,Normal_Tympanic_Membrane,Normal,5
Normal/normal_517.tiff,Normal_Tympanic_Membrane,Normal,5
Normal/normal_518.tiff,Normal_Tympanic_Membrane,Normal,5
Normal/normal_519.tiff,Normal_Tympanic_Membrane,Normal,5
Normal/normal_52.tiff,Normal_Tympanic_Membrane,Normal,5
Normal/normal_520.tiff,Normal_Tympanic_Membrane,Normal,5
Normal/normal_521.tiff,Normal_Tympanic_Membrane,Normal,5
Normal/normal_522.tiff,Normal_Tympanic_Membrane,Normal,5
Normal/normal_523.tiff,Normal_Tympanic_Membrane,Normal,5
Normal/normal_524.tiff,Normal_Tympanic_Membrane,Normal,5
Normal/normal_525.tiff,Normal_Tympanic_Membrane,Normal,5
Normal/normal_526.tiff,Normal_Tympanic_Membrane,Normal,5
Normal/normal_527.tiff,Normal_Tympanic_Membrane,Normal,5
Normal/normal_528.tiff,Normal_Tympanic_Membrane,Normal,5
Normal/normal_529.tiff,Normal_Tympanic_Membrane,Normal,5
Normal/normal_53.tiff,Normal_Tympanic_Membrane,Normal,5
Normal/normal_530.tiff,Normal_Tympanic_Membrane,Normal,5
Normal/normal_531.tiff,Normal_Tympanic_Membrane,Normal,5
Normal/normal_532.tiff,Normal_Tympanic_Membrane,Normal,5
Normal/normal_533.tiff,Normal_Tympanic_Membrane,Normal,5
Normal/normal_534.tiff,Normal_Tympanic_Membrane,Normal,5
Normal/normal_535.tiff,Normal_Tympanic_Membrane,Normal,5
Normal/normal_54.tiff,Normal_Tympanic_Membrane,Normal,5
Normal/normal_55.tiff,Normal_Tympanic_Membrane,Normal,5
Normal/normal_56.tiff,Normal_Tympanic_Membrane,Normal,5
Normal/normal_57.tiff,Normal_Tympanic_Membrane,Normal,5
Normal/normal_58.tiff,Normal_Tympanic_Membrane,Normal,5
Normal/normal_59.tiff,Normal_Tympanic_Membrane,Normal,5
Normal/normal_6.tiff,Normal_Tympanic_Membrane,Normal,5
Normal/normal_60.tiff,Normal_Tympanic_Membrane,Normal,5
Normal/normal_61.tiff,Normal_Tympanic_Membrane,Normal,5
Normal/normal_62.tiff,Normal_Tympanic_Membrane,Normal,5
Normal/normal_63.tiff,Normal_Tympanic_Membrane,Normal,5
Normal/normal_64.tiff,Normal_Tympanic_Membrane,Normal,5
Normal/normal_65.tiff,Normal_Tympanic_Membrane,Normal,5
Normal/normal_66.tiff,Normal_Tympanic_Membrane,Normal,5
Normal/normal_67.tiff,Normal_Tympanic_Membrane,Normal,5
Normal/normal_68.tiff,Normal_Tympanic_Membrane,Normal,5
Normal/normal_69.tiff,Normal_Tympanic_Membrane,Normal,5
Normal/normal_7.tiff,Normal_Tympanic_Membrane,Normal,5
Normal/normal_70.tiff,Normal_Tympanic_Membrane,Normal,5
Normal/normal_71.tiff,Normal_Tympanic_Membrane,Normal,5
Normal/normal_72.tiff,Normal_Tympanic_Membrane,Normal,5
Normal/normal_73.tiff,Normal_Tympanic_Membrane,Normal,5
Normal/normal_74.tiff,Normal_Tympanic_Membrane,Normal,5
Normal/normal_75.tiff,Normal_Tympanic_Membrane,Normal,5
Normal/normal_76.tiff,Normal_Tympanic_Membrane,Normal,5
Normal/normal_77.tiff,Normal_Tympanic_Membrane,Normal,5
Normal/normal_78.tiff,Normal_Tympanic_Membrane,Normal,5
Normal/normal_79.tiff,Normal_Tympanic_Membrane,Normal,5
Normal/normal_8.tiff,Normal_Tympanic_Membrane,Normal,5
Normal/normal_80.tiff,Normal_Tympanic_Membrane,Normal,5
Normal/normal_81.tiff,Normal_Tympanic_Membrane,Normal,5
Normal/normal_82.tiff,Normal_Tympanic_Membrane,Normal,5
Normal/normal_83.tiff,Normal_Tympanic_Membrane,Normal,5
Normal/normal_84.tiff,Normal_Tympanic_Membrane,Normal,5
Normal/normal_85.tiff,Normal_Tympanic_Membrane,Normal,5
Normal/normal_86.tiff,Normal_Tympanic_Membrane,Normal,5
Normal/normal_87.tiff,Normal_Tympanic_Membrane,Normal,5
Normal/normal_88.tiff,Normal_Tympanic_Membrane,Normal,5
Normal/normal_89.tiff,Normal_Tympanic_Membrane,Normal,5
Normal/normal_9.tiff,Normal_Tympanic_Membrane,Normal,5
Normal/normal_90.tiff,Normal_Tympanic_Membrane,Normal,5
Normal/normal_91.tiff,Normal_Tympanic_Membrane,Normal,5
Normal/normal_92.tiff,Normal_Tympanic_Membrane,Normal,5
Normal/normal_93.tiff,Normal_Tympanic_Membrane,Normal,5
Normal/normal_94.tiff,Normal_Tympanic_Membrane,Normal,5
Normal/normal_95.tiff,Normal_Tympanic_Membrane,Normal,5
Normal/normal_96.tiff,Normal_Tympanic_Membrane,Normal,5
Normal/normal_97.tiff,Normal_Tympanic_Membrane,Normal,5
Normal/normal_98.tiff,Normal_Tympanic_Membrane,Normal,5
Normal/normal_99.tiff,Normal_Tympanic_Membrane,Normal,5
OtitExterna/otitexterna_1.tiff,OtitExterna,OtitExterna,6
OtitExterna/otitexterna_10.tiff,OtitExterna,OtitExterna,6
OtitExterna/otitexterna_11.tiff,OtitExterna,OtitExterna,6
OtitExterna/otitexterna_12.tiff,OtitExterna,OtitExterna,6
OtitExterna/otitexterna_13.tiff,OtitExterna,OtitExterna,6
OtitExterna/otitexterna_14.tiff,OtitExterna,OtitExterna,6
OtitExterna/otitexterna_15.tiff,OtitExterna,OtitExterna,6
OtitExterna/otitexterna_16.tiff,OtitExterna,OtitExterna,6
OtitExterna/otitexterna_17.tiff,OtitExterna,OtitExterna,6
OtitExterna/otitexterna_18.tiff,OtitExterna,OtitExterna,6
OtitExterna/otitexterna_19.tiff,OtitExterna,OtitExterna,6
OtitExterna/otitexterna_2.tiff,OtitExterna,OtitExterna,6
OtitExterna/otitexterna_20.tiff,OtitExterna,OtitExterna,6
OtitExterna/otitexterna_21.tiff,OtitExterna,OtitExterna,6
OtitExterna/otitexterna_22.tiff,OtitExterna,OtitExterna,6
OtitExterna/otitexterna_23.tiff,OtitExterna,OtitExterna,6
OtitExterna/otitexterna_24.tiff,OtitExterna,OtitExterna,6
OtitExterna/otitexterna_25.tiff,OtitExterna,OtitExterna,6
OtitExterna/otitexterna_26.tiff,OtitExterna,OtitExterna,6
OtitExterna/otitexterna_27.tiff,OtitExterna,OtitExterna,6
OtitExterna/otitexterna_28.tiff,OtitExterna,OtitExterna,6
OtitExterna/otitexterna_29.tiff,OtitExterna,OtitExterna,6
OtitExterna/otitexterna_3.tiff,OtitExterna,OtitExterna,6
OtitExterna/otitexterna_30.tiff,OtitExterna,OtitExterna,6
OtitExterna/otitexterna_31.tiff,OtitExterna,OtitExterna,6
OtitExterna/otitexterna_32.tiff,OtitExterna,OtitExterna,6
OtitExterna/otitexterna_33.tiff,OtitExterna,OtitExterna,6
OtitExterna/otitexterna_34.tiff,OtitExterna,OtitExterna,6
OtitExterna/otitexterna_35.tiff,OtitExterna,OtitExterna,6
OtitExterna/otitexterna_36.tiff,OtitExterna,OtitExterna,6
OtitExterna/otitexterna_37.tiff,OtitExterna,OtitExterna,6
OtitExterna/otitexterna_38.tiff,OtitExterna,OtitExterna,6
OtitExterna/otitexterna_39.tiff,OtitExterna,OtitExterna,6
OtitExterna/otitexterna_4.tiff,OtitExterna,OtitExterna,6
OtitExterna/otitexterna_40.tiff,OtitExterna,OtitExterna,6
OtitExterna/otitexterna_41.tiff,OtitExterna,OtitExterna,6
OtitExterna/otitexterna_5.tiff,OtitExterna,OtitExterna,6
OtitExterna/otitexterna_6.tiff,OtitExterna,OtitExterna,6
OtitExterna/otitexterna_7.tiff,OtitExterna,OtitExterna,6
OtitExterna/otitexterna_8.tiff,OtitExterna,OtitExterna,6
OtitExterna/otitexterna_9.tiff,OtitExterna,OtitExterna,6
PseduoMembran/yalancizar_1.tiff,PseduoMembran,PseduoMembran,7
PseduoMembran/yalancizar_10.tiff,PseduoMembran,PseduoMembran,7
PseduoMembran/yalancizar_11.tiff,PseduoMembran,PseduoMembran,7
PseduoMembran/yalancizar_2.tiff,PseduoMembran,PseduoMembran,7
PseduoMembran/yalancizar_3.tiff,PseduoMembran,PseduoMembran,7
PseduoMembran/yalancizar_4.tiff,PseduoMembran,PseduoMembran,7
PseduoMembran/yalancizar_5.tiff,PseduoMembran,PseduoMembran,7
PseduoMembran/yalancizar_6.tiff,PseduoMembran,PseduoMembran,7
PseduoMembran/yalancizar_7.tiff,PseduoMembran,PseduoMembran,7
PseduoMembran/yalancizar_8.tiff,PseduoMembran,PseduoMembran,7
PseduoMembran/yalancizar_9.tiff,PseduoMembran,PseduoMembran,7
tympanoskleros/yamavekalker_1.tiff,Tympanoskleros_Myringosclerosis,tympanoskleros,8
tympanoskleros/yamavekalker_10.tiff,Tympanoskleros_Myringosclerosis,tympanoskleros,8
tympanoskleros/yamavekalker_11.tiff,Tympanoskleros_Myringosclerosis,tympanoskleros,8
tympanoskleros/yamavekalker_12.tiff,Tympanoskleros_Myringosclerosis,tympanoskleros,8
tympanoskleros/yamavekalker_13.tiff,Tympanoskleros_Myringosclerosis,tympanoskleros,8
tympanoskleros/yamavekalker_14.tiff,Tympanoskleros_Myringosclerosis,tympanoskleros,8
tympanoskleros/yamavekalker_15.tiff,Tympanoskleros_Myringosclerosis,tympanoskleros,8
tympanoskleros/yamavekalker_16.tiff,Tympanoskleros_Myringosclerosis,tympanoskleros,8
tympanoskleros/yamavekalker_17.tiff,Tympanoskleros_Myringosclerosis,tympanoskleros,8
tympanoskleros/yamavekalker_18.tiff,Tympanoskleros_Myringosclerosis,tympanoskleros,8
tympanoskleros/yamavekalker_19.tiff,Tympanoskleros_Myringosclerosis,tympanoskleros,8
tympanoskleros/yamavekalker_2.tiff,Tympanoskleros_Myringosclerosis,tympanoskleros,8
tympanoskleros/yamavekalker_20.tiff,Tympanoskleros_Myringosclerosis,tympanoskleros,8
tympanoskleros/yamavekalker_21.tiff,Tympanoskleros_Myringosclerosis,tympanoskleros,8
tympanoskleros/yamavekalker_22.tiff,Tympanoskleros_Myringosclerosis,tympanoskleros,8
tympanoskleros/yamavekalker_23.tiff,Tympanoskleros_Myringosclerosis,tympanoskleros,8
tympanoskleros/yamavekalker_24.tiff,Tympanoskleros_Myringosclerosis,tympanoskleros,8
tympanoskleros/yamavekalker_25.tiff,Tympanoskleros_Myringosclerosis,tympanoskleros,8
tympanoskleros/yamavekalker_26.tiff,Tympanoskleros_Myringosclerosis,tympanoskleros,8
tympanoskleros/yamavekalker_27.tiff,Tympanoskleros_Myringosclerosis,tympanoskleros,8
tympanoskleros/yamavekalker_28.tiff,Tympanoskleros_Myringosclerosis,tympanoskleros,8
tympanoskleros/yamavekalker_3.tiff,Tympanoskleros_Myringosclerosis,tympanoskleros,8
tympanoskleros/yamavekalker_4.tiff,Tympanoskleros_Myringosclerosis,tympanoskleros,8
tympanoskleros/yamavekalker_5.tiff,Tympanoskleros_Myringosclerosis,tympanoskleros,8
tympanoskleros/yamavekalker_6.tiff,Tympanoskleros_Myringosclerosis,tympanoskleros,8
tympanoskleros/yamavekalker_7.tiff,Tympanoskleros_Myringosclerosis,tympanoskleros,8
tympanoskleros/yamavekalker_8.tiff,Tympanoskleros_Myringosclerosis,tympanoskleros,8
tympanoskleros/yamavekalker_9.tiff,Tympanoskleros_Myringosclerosis,tympanoskleros,8
